,jetp bins,0b,0berr,1b,1berr,2b,2berr
0,400.0,0.05225755189394817,0.0013637498879771899,0.06749778018620264,0.0028294689268736684,0.09597025106835219,0.011802644034369711
1,500.0,0.05243432006005208,0.0009112688431136719,0.06909768661836678,0.0018885740785607736,0.07428149132074259,0.006927079278266582
2,600.0,0.04288421139299604,0.0004299505019231019,0.05361718651843017,0.0008628144524295452,0.06265522045981756,0.003245138099703686
3,800.0,0.036627164233186765,0.00043957957340345335,0.044914180121646295,0.0008747515453656812,0.045994748420074345,0.0031462423091945515
4,1000.0,0.030035288287057933,0.00037310743817263437,0.03532750064494881,0.0007142625513485386,0.03745479795933047,0.0025468720509592337
5,1500.0,0.02565007734683025,0.0005466557209475835,0.030745544854620464,0.0010585132279233148,0.038236868611045104,0.0040484554703012635
6,2000.0,0.02618601747626272,0.0006941586611757325,0.03424742175450557,0.0014636710439165802,0.04494733129673219,0.006079052213512371
7,3000.0,0.027594277317425656,0.0019424194834287722,0.03088682559570301,0.003988162824839355,0.03351780948479907,0.01872489427566053
8,7000.0,0.0,0.0,0.0,0.0,0.0,0.0
